Disease,Precaution_1,Precaution_2,Precaution_3,Precaution_4,Specialist,Recommended_Tests,Description
Common Cold,Consult a certified healthcare specialist immediately,Maintain complete rest and prescribed medication schedule,"Monitor vital parameters (BP, Pulse, Temperature, O2)",Avoid unverified over-the-counter medications,Pulmonologist / General Physician,"Chest X-Ray, Spirometry, Sputum Culture",Common Cold is a medical condition requiring accurate clinical evaluation. Early diagnostic testing and specialist consultation ensure effective treatment.
Dengue,Consult a certified healthcare specialist immediately,Maintain complete rest and prescribed medication schedule,"Monitor vital parameters (BP, Pulse, Temperature, O2)",Avoid unverified over-the-counter medications,Infectious Disease Specialist,"Peripheral Blood Smear, Dengue NS1 Antigen, Widal Test",Dengue is a medical condition requiring accurate clinical evaluation. Early diagnostic testing and specialist consultation ensure effective treatment.
Malaria,Consult a certified healthcare specialist immediately,Maintain complete rest and prescribed medication schedule,"Monitor vital parameters (BP, Pulse, Temperature, O2)",Avoid unverified over-the-counter medications,Infectious Disease Specialist,"Peripheral Blood Smear, Dengue NS1 Antigen, Widal Test",Malaria is a medical condition requiring accurate clinical evaluation. Early diagnostic testing and specialist consultation ensure effective treatment.
Heart Attack,Consult a certified healthcare specialist immediately,Maintain complete rest and prescribed medication schedule,"Monitor vital parameters (BP, Pulse, Temperature, O2)",Avoid unverified over-the-counter medications,Cardiologist / Emergency Care,"ECG, Echocardiogram, Troponin Blood Test",Heart Attack is a medical condition requiring accurate clinical evaluation. Early diagnostic testing and specialist consultation ensure effective treatment.
Hypertension,Consult a certified healthcare specialist immediately,Maintain complete rest and prescribed medication schedule,"Monitor vital parameters (BP, Pulse, Temperature, O2)",Avoid unverified over-the-counter medications,Cardiologist / Emergency Care,"ECG, Echocardiogram, Troponin Blood Test",Hypertension is a medical condition requiring accurate clinical evaluation. Early diagnostic testing and specialist consultation ensure effective treatment.
GERD,Consult a certified healthcare specialist immediately,Maintain complete rest and prescribed medication schedule,"Monitor vital parameters (BP, Pulse, Temperature, O2)",Avoid unverified over-the-counter medications,General Physician,"Complete Blood Count (CBC), Routine Vitals",GERD is a medical condition requiring accurate clinical evaluation. Early diagnostic testing and specialist consultation ensure effective treatment.
Bronchial Asthma,Consult a certified healthcare specialist immediately,Maintain complete rest and prescribed medication schedule,"Monitor vital parameters (BP, Pulse, Temperature, O2)",Avoid unverified over-the-counter medications,Pulmonologist / General Physician,"Chest X-Ray, Spirometry, Sputum Culture",Bronchial Asthma is a medical condition requiring accurate clinical evaluation. Early diagnostic testing and specialist consultation ensure effective treatment.
Pneumonia,Consult a certified healthcare specialist immediately,Maintain complete rest and prescribed medication schedule,"Monitor vital parameters (BP, Pulse, Temperature, O2)",Avoid unverified over-the-counter medications,Pulmonologist / General Physician,"Chest X-Ray, Spirometry, Sputum Culture",Pneumonia is a medical condition requiring accurate clinical evaluation. Early diagnostic testing and specialist consultation ensure effective treatment.
Migraine,Consult a certified healthcare specialist immediately,Maintain complete rest and prescribed medication schedule,"Monitor vital parameters (BP, Pulse, Temperature, O2)",Avoid unverified over-the-counter medications,Neurologist / Spine Specialist,"Brain CT Scan, MRI Spine, Neurological Exam",Migraine is a medical condition requiring accurate clinical evaluation. Early diagnostic testing and specialist consultation ensure effective treatment.
Diabetes,Consult a certified healthcare specialist immediately,Maintain complete rest and prescribed medication schedule,"Monitor vital parameters (BP, Pulse, Temperature, O2)",Avoid unverified over-the-counter medications,Endocrinologist,"Fasting Blood Glucose, HbA1c, Thyroid Panel (T3/T4/TSH)",Diabetes is a medical condition requiring accurate clinical evaluation. Early diagnostic testing and specialist consultation ensure effective treatment.
Typhoid,Consult a certified healthcare specialist immediately,Maintain complete rest and prescribed medication schedule,"Monitor vital parameters (BP, Pulse, Temperature, O2)",Avoid unverified over-the-counter medications,Infectious Disease Specialist,"Peripheral Blood Smear, Dengue NS1 Antigen, Widal Test",Typhoid is a medical condition requiring accurate clinical evaluation. Early diagnostic testing and specialist consultation ensure effective treatment.
Urinary Tract Infection,Consult a certified healthcare specialist immediately,Maintain complete rest and prescribed medication schedule,"Monitor vital parameters (BP, Pulse, Temperature, O2)",Avoid unverified over-the-counter medications,General Physician,"Complete Blood Count (CBC), Routine Vitals",Urinary Tract Infection is a medical condition requiring accurate clinical evaluation. Early diagnostic testing and specialist consultation ensure effective treatment.
Jaundice,Consult a certified healthcare specialist immediately,Maintain complete rest and prescribed medication schedule,"Monitor vital parameters (BP, Pulse, Temperature, O2)",Avoid unverified over-the-counter medications,Infectious Disease Specialist,"Peripheral Blood Smear, Dengue NS1 Antigen, Widal Test",Jaundice is a medical condition requiring accurate clinical evaluation. Early diagnostic testing and specialist consultation ensure effective treatment.
Hypothyroidism,Consult a certified healthcare specialist immediately,Maintain complete rest and prescribed medication schedule,"Monitor vital parameters (BP, Pulse, Temperature, O2)",Avoid unverified over-the-counter medications,Endocrinologist,"Fasting Blood Glucose, HbA1c, Thyroid Panel (T3/T4/TSH)",Hypothyroidism is a medical condition requiring accurate clinical evaluation. Early diagnostic testing and specialist consultation ensure effective treatment.
Hyperthyroidism,Consult a certified healthcare specialist immediately,Maintain complete rest and prescribed medication schedule,"Monitor vital parameters (BP, Pulse, Temperature, O2)",Avoid unverified over-the-counter medications,Endocrinologist,"Fasting Blood Glucose, HbA1c, Thyroid Panel (T3/T4/TSH)",Hyperthyroidism is a medical condition requiring accurate clinical evaluation. Early diagnostic testing and specialist consultation ensure effective treatment.
Allergy,Consult a certified healthcare specialist immediately,Maintain complete rest and prescribed medication schedule,"Monitor vital parameters (BP, Pulse, Temperature, O2)",Avoid unverified over-the-counter medications,General Physician,"Complete Blood Count (CBC), Routine Vitals",Allergy is a medical condition requiring accurate clinical evaluation. Early diagnostic testing and specialist consultation ensure effective treatment.
Acne,Consult a certified healthcare specialist immediately,Maintain complete rest and prescribed medication schedule,"Monitor vital parameters (BP, Pulse, Temperature, O2)",Avoid unverified over-the-counter medications,General Physician,"Complete Blood Count (CBC), Routine Vitals",Acne is a medical condition requiring accurate clinical evaluation. Early diagnostic testing and specialist consultation ensure effective treatment.
Arthritis,Consult a certified healthcare specialist immediately,Maintain complete rest and prescribed medication schedule,"Monitor vital parameters (BP, Pulse, Temperature, O2)",Avoid unverified over-the-counter medications,General Physician,"Complete Blood Count (CBC), Routine Vitals",Arthritis is a medical condition requiring accurate clinical evaluation. Early diagnostic testing and specialist consultation ensure effective treatment.
